event_id,cap_identifier,tier,state,district,sms_length_chars,sms_sample_text,sms_formatting_status,mock_endpoint,payload_validation_status,timestamp
EVT-MIZ-018,NER-SAFE-CAP-EVT-MIZ-018,RED,Mizoram,Saiha,136,NER-SAFE ADV: Tier-1 Landslide Flag in Saiha. Modeled exposure near road/bldgs. Field check advised. Contact DDMA for official guidance.,COMPLIANT_LE_160_CHARS,mock://localhost:8080/api/v1/mock_ddma_inbox/saiha,SCHEMA_VALID_LOCAL_MOCK,2026-09-07T16:50:00+05:30
EVT-MEG-012,NER-SAFE-CAP-EVT-MEG-012,RED,Meghalaya,West Jaintia Hills,149,NER-SAFE ADV: Tier-1 Landslide Flag in West Jaintia Hills. Modeled exposure near road/bldgs. Field check advised. Contact DDMA for official guidance.,COMPLIANT_LE_160_CHARS,mock://localhost:8080/api/v1/mock_ddma_inbox/west_jaintia_hills,SCHEMA_VALID_LOCAL_MOCK,2026-09-07T16:50:00+05:30
EVT-MEG-019,NER-SAFE-CAP-EVT-MEG-019,RED,Meghalaya,East Jaintia Hills,149,NER-SAFE ADV: Tier-1 Landslide Flag in East Jaintia Hills. Modeled exposure near road/bldgs. Field check advised. Contact DDMA for official guidance.,COMPLIANT_LE_160_CHARS,mock://localhost:8080/api/v1/mock_ddma_inbox/east_jaintia_hills,SCHEMA_VALID_LOCAL_MOCK,2026-09-07T16:50:00+05:30
EVT-MEG-021,NER-SAFE-CAP-EVT-MEG-021,RED,Meghalaya,East Jaintia Hills,149,NER-SAFE ADV: Tier-1 Landslide Flag in East Jaintia Hills. Modeled exposure near road/bldgs. Field check advised. Contact DDMA for official guidance.,COMPLIANT_LE_160_CHARS,mock://localhost:8080/api/v1/mock_ddma_inbox/east_jaintia_hills,SCHEMA_VALID_LOCAL_MOCK,2026-09-07T16:50:00+05:30
EVT-MEG-022,NER-SAFE-CAP-EVT-MEG-022,RED,Meghalaya,East Jaintia Hills,149,NER-SAFE ADV: Tier-1 Landslide Flag in East Jaintia Hills. Modeled exposure near road/bldgs. Field check advised. Contact DDMA for official guidance.,COMPLIANT_LE_160_CHARS,mock://localhost:8080/api/v1/mock_ddma_inbox/east_jaintia_hills,SCHEMA_VALID_LOCAL_MOCK,2026-09-07T16:50:00+05:30
EVT-MEG-023,NER-SAFE-CAP-EVT-MEG-023,RED,Meghalaya,East Jaintia Hills,149,NER-SAFE ADV: Tier-1 Landslide Flag in East Jaintia Hills. Modeled exposure near road/bldgs. Field check advised. Contact DDMA for official guidance.,COMPLIANT_LE_160_CHARS,mock://localhost:8080/api/v1/mock_ddma_inbox/east_jaintia_hills,SCHEMA_VALID_LOCAL_MOCK,2026-09-07T16:50:00+05:30
EVT-MIZ-016,NER-SAFE-CAP-EVT-MIZ-016,RED,Mizoram,Saiha,136,NER-SAFE ADV: Tier-1 Landslide Flag in Saiha. Modeled exposure near road/bldgs. Field check advised. Contact DDMA for official guidance.,COMPLIANT_LE_160_CHARS,mock://localhost:8080/api/v1/mock_ddma_inbox/saiha,SCHEMA_VALID_LOCAL_MOCK,2026-09-07T16:50:00+05:30
EVT-MEG-006,NER-SAFE-CAP-EVT-MEG-006,ORANGE,Meghalaya,East Khasi Hills,146,NER-SAFE ADV: Tier-2 Elevated Landslide Flag in East Khasi Hills. Modeled slope runout near hill road. Precautionary monitoring. Info: Local DDMA.,COMPLIANT_LE_160_CHARS,mock://localhost:8080/api/v1/mock_ddma_inbox/east_khasi_hills,SCHEMA_VALID_LOCAL_MOCK,2026-09-07T16:50:00+05:30
EVT-MEG-008,NER-SAFE-CAP-EVT-MEG-008,ORANGE,Meghalaya,West Jaintia Hills,148,NER-SAFE ADV: Tier-2 Elevated Landslide Flag in West Jaintia Hills. Modeled slope runout near hill road. Precautionary monitoring. Info: Local DDMA.,COMPLIANT_LE_160_CHARS,mock://localhost:8080/api/v1/mock_ddma_inbox/west_jaintia_hills,SCHEMA_VALID_LOCAL_MOCK,2026-09-07T16:50:00+05:30
EVT-MIZ-020,NER-SAFE-CAP-EVT-MIZ-020,RED,Mizoram,Lunglei,138,NER-SAFE ADV: Tier-1 Landslide Flag in Lunglei. Modeled exposure near road/bldgs. Field check advised. Contact DDMA for official guidance.,COMPLIANT_LE_160_CHARS,mock://localhost:8080/api/v1/mock_ddma_inbox/lunglei,SCHEMA_VALID_LOCAL_MOCK,2026-09-07T16:50:00+05:30
EVT-MIZ-022,NER-SAFE-CAP-EVT-MIZ-022,RED,Mizoram,Kolasib,138,NER-SAFE ADV: Tier-1 Landslide Flag in Kolasib. Modeled exposure near road/bldgs. Field check advised. Contact DDMA for official guidance.,COMPLIANT_LE_160_CHARS,mock://localhost:8080/api/v1/mock_ddma_inbox/kolasib,SCHEMA_VALID_LOCAL_MOCK,2026-09-07T16:50:00+05:30
EVT-MIZ-023,NER-SAFE-CAP-EVT-MIZ-023,RED,Mizoram,Kolasib,138,NER-SAFE ADV: Tier-1 Landslide Flag in Kolasib. Modeled exposure near road/bldgs. Field check advised. Contact DDMA for official guidance.,COMPLIANT_LE_160_CHARS,mock://localhost:8080/api/v1/mock_ddma_inbox/kolasib,SCHEMA_VALID_LOCAL_MOCK,2026-09-07T16:50:00+05:30
EVT-MEG-009,NER-SAFE-CAP-EVT-MEG-009,YELLOW,Meghalaya,South West Khasi Hills,133,NER-SAFE ADV: Tier-3 Landslide Watch in South West Khasi Hills. Elevated soil moisture/rain. Monitor roadside cuts. Info: Local DDMA.,COMPLIANT_LE_160_CHARS,mock://localhost:8080/api/v1/mock_ddma_inbox/south_west_khasi_hills,SCHEMA_VALID_LOCAL_MOCK,2026-09-07T16:50:00+05:30
EVT-MEG-001,NER-SAFE-CAP-EVT-MEG-001,YELLOW,Meghalaya,East Khasi Hills,127,NER-SAFE ADV: Tier-3 Landslide Watch in East Khasi Hills. Elevated soil moisture/rain. Monitor roadside cuts. Info: Local DDMA.,COMPLIANT_LE_160_CHARS,mock://localhost:8080/api/v1/mock_ddma_inbox/east_khasi_hills,SCHEMA_VALID_LOCAL_MOCK,2026-09-07T16:50:00+05:30
EVT-MEG-004,NER-SAFE-CAP-EVT-MEG-004,YELLOW,Meghalaya,East Khasi Hills,127,NER-SAFE ADV: Tier-3 Landslide Watch in East Khasi Hills. Elevated soil moisture/rain. Monitor roadside cuts. Info: Local DDMA.,COMPLIANT_LE_160_CHARS,mock://localhost:8080/api/v1/mock_ddma_inbox/east_khasi_hills,SCHEMA_VALID_LOCAL_MOCK,2026-09-07T16:50:00+05:30
EVT-MEG-002,NER-SAFE-CAP-EVT-MEG-002,YELLOW,Meghalaya,East Khasi Hills,127,NER-SAFE ADV: Tier-3 Landslide Watch in East Khasi Hills. Elevated soil moisture/rain. Monitor roadside cuts. Info: Local DDMA.,COMPLIANT_LE_160_CHARS,mock://localhost:8080/api/v1/mock_ddma_inbox/east_khasi_hills,SCHEMA_VALID_LOCAL_MOCK,2026-09-07T16:50:00+05:30
EVT-MEG-003,NER-SAFE-CAP-EVT-MEG-003,YELLOW,Meghalaya,East Khasi Hills,127,NER-SAFE ADV: Tier-3 Landslide Watch in East Khasi Hills. Elevated soil moisture/rain. Monitor roadside cuts. Info: Local DDMA.,COMPLIANT_LE_160_CHARS,mock://localhost:8080/api/v1/mock_ddma_inbox/east_khasi_hills,SCHEMA_VALID_LOCAL_MOCK,2026-09-07T16:50:00+05:30
EVT-MEG-005,NER-SAFE-CAP-EVT-MEG-005,YELLOW,Meghalaya,East Khasi Hills,127,NER-SAFE ADV: Tier-3 Landslide Watch in East Khasi Hills. Elevated soil moisture/rain. Monitor roadside cuts. Info: Local DDMA.,COMPLIANT_LE_160_CHARS,mock://localhost:8080/api/v1/mock_ddma_inbox/east_khasi_hills,SCHEMA_VALID_LOCAL_MOCK,2026-09-07T16:50:00+05:30
EVT-MEG-007,NER-SAFE-CAP-EVT-MEG-007,GREEN,Meghalaya,West Jaintia Hills,121,NER-SAFE ADV: Tier-4 Baseline in West Jaintia Hills. Low model signal. Local slope factors unmonitored. Info: Local DDMA.,COMPLIANT_LE_160_CHARS,mock://localhost:8080/api/v1/mock_ddma_inbox/west_jaintia_hills,SCHEMA_VALID_LOCAL_MOCK,2026-09-07T16:50:00+05:30
EVT-MEG-010,NER-SAFE-CAP-EVT-MEG-010,GREEN,Meghalaya,South West Khasi Hills,125,NER-SAFE ADV: Tier-4 Baseline in South West Khasi Hills. Low model signal. Local slope factors unmonitored. Info: Local DDMA.,COMPLIANT_LE_160_CHARS,mock://localhost:8080/api/v1/mock_ddma_inbox/south_west_khasi_hills,SCHEMA_VALID_LOCAL_MOCK,2026-09-07T16:50:00+05:30
EVT-MEG-011,NER-SAFE-CAP-EVT-MEG-011,GREEN,Meghalaya,West Jaintia Hills,121,NER-SAFE ADV: Tier-4 Baseline in West Jaintia Hills. Low model signal. Local slope factors unmonitored. Info: Local DDMA.,COMPLIANT_LE_160_CHARS,mock://localhost:8080/api/v1/mock_ddma_inbox/west_jaintia_hills,SCHEMA_VALID_LOCAL_MOCK,2026-09-07T16:50:00+05:30
EVT-MEG-013,NER-SAFE-CAP-EVT-MEG-013,GREEN,Meghalaya,South West Khasi Hills,125,NER-SAFE ADV: Tier-4 Baseline in South West Khasi Hills. Low model signal. Local slope factors unmonitored. Info: Local DDMA.,COMPLIANT_LE_160_CHARS,mock://localhost:8080/api/v1/mock_ddma_inbox/south_west_khasi_hills,SCHEMA_VALID_LOCAL_MOCK,2026-09-07T16:50:00+05:30
EVT-MEG-014,NER-SAFE-CAP-EVT-MEG-014,GREEN,Meghalaya,South West Khasi Hills,125,NER-SAFE ADV: Tier-4 Baseline in South West Khasi Hills. Low model signal. Local slope factors unmonitored. Info: Local DDMA.,COMPLIANT_LE_160_CHARS,mock://localhost:8080/api/v1/mock_ddma_inbox/south_west_khasi_hills,SCHEMA_VALID_LOCAL_MOCK,2026-09-07T16:50:00+05:30
EVT-MEG-015,NER-SAFE-CAP-EVT-MEG-015,GREEN,Meghalaya,South West Khasi Hills,125,NER-SAFE ADV: Tier-4 Baseline in South West Khasi Hills. Low model signal. Local slope factors unmonitored. Info: Local DDMA.,COMPLIANT_LE_160_CHARS,mock://localhost:8080/api/v1/mock_ddma_inbox/south_west_khasi_hills,SCHEMA_VALID_LOCAL_MOCK,2026-09-07T16:50:00+05:30
EVT-MEG-016,NER-SAFE-CAP-EVT-MEG-016,GREEN,Meghalaya,West Jaintia Hills,121,NER-SAFE ADV: Tier-4 Baseline in West Jaintia Hills. Low model signal. Local slope factors unmonitored. Info: Local DDMA.,COMPLIANT_LE_160_CHARS,mock://localhost:8080/api/v1/mock_ddma_inbox/west_jaintia_hills,SCHEMA_VALID_LOCAL_MOCK,2026-09-07T16:50:00+05:30
EVT-MEG-017,NER-SAFE-CAP-EVT-MEG-017,GREEN,Meghalaya,West Jaintia Hills,121,NER-SAFE ADV: Tier-4 Baseline in West Jaintia Hills. Low model signal. Local slope factors unmonitored. Info: Local DDMA.,COMPLIANT_LE_160_CHARS,mock://localhost:8080/api/v1/mock_ddma_inbox/west_jaintia_hills,SCHEMA_VALID_LOCAL_MOCK,2026-09-07T16:50:00+05:30
EVT-MEG-018,NER-SAFE-CAP-EVT-MEG-018,GREEN,Meghalaya,South West Khasi Hills,125,NER-SAFE ADV: Tier-4 Baseline in South West Khasi Hills. Low model signal. Local slope factors unmonitored. Info: Local DDMA.,COMPLIANT_LE_160_CHARS,mock://localhost:8080/api/v1/mock_ddma_inbox/south_west_khasi_hills,SCHEMA_VALID_LOCAL_MOCK,2026-09-07T16:50:00+05:30
EVT-MEG-020,NER-SAFE-CAP-EVT-MEG-020,GREEN,Meghalaya,East Jaintia Hills,121,NER-SAFE ADV: Tier-4 Baseline in East Jaintia Hills. Low model signal. Local slope factors unmonitored. Info: Local DDMA.,COMPLIANT_LE_160_CHARS,mock://localhost:8080/api/v1/mock_ddma_inbox/east_jaintia_hills,SCHEMA_VALID_LOCAL_MOCK,2026-09-07T16:50:00+05:30
EVT-MEG-024,NER-SAFE-CAP-EVT-MEG-024,GREEN,Meghalaya,East Jaintia Hills,121,NER-SAFE ADV: Tier-4 Baseline in East Jaintia Hills. Low model signal. Local slope factors unmonitored. Info: Local DDMA.,COMPLIANT_LE_160_CHARS,mock://localhost:8080/api/v1/mock_ddma_inbox/east_jaintia_hills,SCHEMA_VALID_LOCAL_MOCK,2026-09-07T16:50:00+05:30
EVT-MIZ-001,NER-SAFE-CAP-EVT-MIZ-001,GREEN,Mizoram,Mamit,108,NER-SAFE ADV: Tier-4 Baseline in Mamit. Low model signal. Local slope factors unmonitored. Info: Local DDMA.,COMPLIANT_LE_160_CHARS,mock://localhost:8080/api/v1/mock_ddma_inbox/mamit,SCHEMA_VALID_LOCAL_MOCK,2026-09-07T16:50:00+05:30
EVT-MIZ-002,NER-SAFE-CAP-EVT-MIZ-002,GREEN,Mizoram,Mamit,108,NER-SAFE ADV: Tier-4 Baseline in Mamit. Low model signal. Local slope factors unmonitored. Info: Local DDMA.,COMPLIANT_LE_160_CHARS,mock://localhost:8080/api/v1/mock_ddma_inbox/mamit,SCHEMA_VALID_LOCAL_MOCK,2026-09-07T16:50:00+05:30
EVT-MIZ-003,NER-SAFE-CAP-EVT-MIZ-003,GREEN,Mizoram,Mamit,108,NER-SAFE ADV: Tier-4 Baseline in Mamit. Low model signal. Local slope factors unmonitored. Info: Local DDMA.,COMPLIANT_LE_160_CHARS,mock://localhost:8080/api/v1/mock_ddma_inbox/mamit,SCHEMA_VALID_LOCAL_MOCK,2026-09-07T16:50:00+05:30
EVT-MIZ-004,NER-SAFE-CAP-EVT-MIZ-004,GREEN,Mizoram,Mamit,108,NER-SAFE ADV: Tier-4 Baseline in Mamit. Low model signal. Local slope factors unmonitored. Info: Local DDMA.,COMPLIANT_LE_160_CHARS,mock://localhost:8080/api/v1/mock_ddma_inbox/mamit,SCHEMA_VALID_LOCAL_MOCK,2026-09-07T16:50:00+05:30
EVT-MIZ-005,NER-SAFE-CAP-EVT-MIZ-005,GREEN,Mizoram,Mamit,108,NER-SAFE ADV: Tier-4 Baseline in Mamit. Low model signal. Local slope factors unmonitored. Info: Local DDMA.,COMPLIANT_LE_160_CHARS,mock://localhost:8080/api/v1/mock_ddma_inbox/mamit,SCHEMA_VALID_LOCAL_MOCK,2026-09-07T16:50:00+05:30
EVT-MIZ-006,NER-SAFE-CAP-EVT-MIZ-006,GREEN,Mizoram,Mamit,108,NER-SAFE ADV: Tier-4 Baseline in Mamit. Low model signal. Local slope factors unmonitored. Info: Local DDMA.,COMPLIANT_LE_160_CHARS,mock://localhost:8080/api/v1/mock_ddma_inbox/mamit,SCHEMA_VALID_LOCAL_MOCK,2026-09-07T16:50:00+05:30
EVT-MIZ-007,NER-SAFE-CAP-EVT-MIZ-007,GREEN,Mizoram,Lawngtlai,112,NER-SAFE ADV: Tier-4 Baseline in Lawngtlai. Low model signal. Local slope factors unmonitored. Info: Local DDMA.,COMPLIANT_LE_160_CHARS,mock://localhost:8080/api/v1/mock_ddma_inbox/lawngtlai,SCHEMA_VALID_LOCAL_MOCK,2026-09-07T16:50:00+05:30
EVT-MIZ-008,NER-SAFE-CAP-EVT-MIZ-008,GREEN,Mizoram,Saiha,108,NER-SAFE ADV: Tier-4 Baseline in Saiha. Low model signal. Local slope factors unmonitored. Info: Local DDMA.,COMPLIANT_LE_160_CHARS,mock://localhost:8080/api/v1/mock_ddma_inbox/saiha,SCHEMA_VALID_LOCAL_MOCK,2026-09-07T16:50:00+05:30
EVT-MIZ-009,NER-SAFE-CAP-EVT-MIZ-009,GREEN,Mizoram,Lawngtlai,112,NER-SAFE ADV: Tier-4 Baseline in Lawngtlai. Low model signal. Local slope factors unmonitored. Info: Local DDMA.,COMPLIANT_LE_160_CHARS,mock://localhost:8080/api/v1/mock_ddma_inbox/lawngtlai,SCHEMA_VALID_LOCAL_MOCK,2026-09-07T16:50:00+05:30
EVT-MIZ-010,NER-SAFE-CAP-EVT-MIZ-010,GREEN,Mizoram,Lawngtlai,112,NER-SAFE ADV: Tier-4 Baseline in Lawngtlai. Low model signal. Local slope factors unmonitored. Info: Local DDMA.,COMPLIANT_LE_160_CHARS,mock://localhost:8080/api/v1/mock_ddma_inbox/lawngtlai,SCHEMA_VALID_LOCAL_MOCK,2026-09-07T16:50:00+05:30
EVT-MIZ-011,NER-SAFE-CAP-EVT-MIZ-011,GREEN,Mizoram,Lawngtlai,112,NER-SAFE ADV: Tier-4 Baseline in Lawngtlai. Low model signal. Local slope factors unmonitored. Info: Local DDMA.,COMPLIANT_LE_160_CHARS,mock://localhost:8080/api/v1/mock_ddma_inbox/lawngtlai,SCHEMA_VALID_LOCAL_MOCK,2026-09-07T16:50:00+05:30
EVT-MIZ-012,NER-SAFE-CAP-EVT-MIZ-012,GREEN,Mizoram,Saiha,108,NER-SAFE ADV: Tier-4 Baseline in Saiha. Low model signal. Local slope factors unmonitored. Info: Local DDMA.,COMPLIANT_LE_160_CHARS,mock://localhost:8080/api/v1/mock_ddma_inbox/saiha,SCHEMA_VALID_LOCAL_MOCK,2026-09-07T16:50:00+05:30
EVT-MIZ-013,NER-SAFE-CAP-EVT-MIZ-013,GREEN,Mizoram,Lawngtlai,112,NER-SAFE ADV: Tier-4 Baseline in Lawngtlai. Low model signal. Local slope factors unmonitored. Info: Local DDMA.,COMPLIANT_LE_160_CHARS,mock://localhost:8080/api/v1/mock_ddma_inbox/lawngtlai,SCHEMA_VALID_LOCAL_MOCK,2026-09-07T16:50:00+05:30
EVT-MIZ-014,NER-SAFE-CAP-EVT-MIZ-014,GREEN,Mizoram,Lawngtlai,112,NER-SAFE ADV: Tier-4 Baseline in Lawngtlai. Low model signal. Local slope factors unmonitored. Info: Local DDMA.,COMPLIANT_LE_160_CHARS,mock://localhost:8080/api/v1/mock_ddma_inbox/lawngtlai,SCHEMA_VALID_LOCAL_MOCK,2026-09-07T16:50:00+05:30
EVT-MIZ-015,NER-SAFE-CAP-EVT-MIZ-015,GREEN,Mizoram,Saiha,108,NER-SAFE ADV: Tier-4 Baseline in Saiha. Low model signal. Local slope factors unmonitored. Info: Local DDMA.,COMPLIANT_LE_160_CHARS,mock://localhost:8080/api/v1/mock_ddma_inbox/saiha,SCHEMA_VALID_LOCAL_MOCK,2026-09-07T16:50:00+05:30
EVT-MIZ-017,NER-SAFE-CAP-EVT-MIZ-017,GREEN,Mizoram,Saiha,108,NER-SAFE ADV: Tier-4 Baseline in Saiha. Low model signal. Local slope factors unmonitored. Info: Local DDMA.,COMPLIANT_LE_160_CHARS,mock://localhost:8080/api/v1/mock_ddma_inbox/saiha,SCHEMA_VALID_LOCAL_MOCK,2026-09-07T16:50:00+05:30
EVT-MIZ-019,NER-SAFE-CAP-EVT-MIZ-019,GREEN,Mizoram,Kolasib,110,NER-SAFE ADV: Tier-4 Baseline in Kolasib. Low model signal. Local slope factors unmonitored. Info: Local DDMA.,COMPLIANT_LE_160_CHARS,mock://localhost:8080/api/v1/mock_ddma_inbox/kolasib,SCHEMA_VALID_LOCAL_MOCK,2026-09-07T16:50:00+05:30
EVT-MIZ-021,NER-SAFE-CAP-EVT-MIZ-021,GREEN,Mizoram,Kolasib,110,NER-SAFE ADV: Tier-4 Baseline in Kolasib. Low model signal. Local slope factors unmonitored. Info: Local DDMA.,COMPLIANT_LE_160_CHARS,mock://localhost:8080/api/v1/mock_ddma_inbox/kolasib,SCHEMA_VALID_LOCAL_MOCK,2026-09-07T16:50:00+05:30
EVT-MIZ-024,NER-SAFE-CAP-EVT-MIZ-024,GREEN,Mizoram,Lunglei,110,NER-SAFE ADV: Tier-4 Baseline in Lunglei. Low model signal. Local slope factors unmonitored. Info: Local DDMA.,COMPLIANT_LE_160_CHARS,mock://localhost:8080/api/v1/mock_ddma_inbox/lunglei,SCHEMA_VALID_LOCAL_MOCK,2026-09-07T16:50:00+05:30
