event_id,state,district,latitude,longitude,risk_score,risk_class,susceptibility,dynamic_trigger,uncertainty,elevation_init_m,elevation_end_m,elevation_drop_m,path_length_m,runout_area_m2,stopping_reason,roads_exposed,roads_exposed_length_m,highest_road_class,exposed_road_names,buildings_exposed,buildings_exposed_area_m2,settlements_exposed,exposed_settlement_names,population_exposed,critical_infrastructure_exposed,consequence_score,impact_score,impact_priority,hazard_confidence,flow_path_confidence,runout_confidence,impact_confidence,overall_confidence,model_version,nearest_settlement,settlement_distance_km
EVT-MIZ-018,Mizoram,Saiha,22.402083,92.954583,0.4292,3,0.6826,0.5049,0.7663,187.0,132.0,55.0,223.7,25983.7,local_pit_depression,1,69.0,National Highway,NH2,19,1615.0,1,Kaochao 'E',87,0,0.9,0.665,CRITICAL,0.4,0.7,0.88,1.0,0.71,Component 11 (v1.0.0-MVP),Kaochao 'E',0.1
EVT-MEG-012,Meghalaya,West Jaintia Hills,25.185694,92.027083,0.5476,4,0.6779,0.7436,0.7706,68.0,36.0,32.0,136.4,18387.7,slope_flattening_deposition,3,325.4,National Highway,NH206,10,850.0,0,None,46,0,0.75,0.649,CRITICAL,0.4,0.62,0.89,1.0,0.68,Component 11 (v1.0.0-MVP),Dawki,0.6
EVT-MEG-019,Meghalaya,East Jaintia Hills,25.049583,92.405417,0.513,4,0.6952,0.6505,0.754,65.0,41.0,24.0,105.5,15742.6,local_pit_depression,3,153.4,National Highway,NH6,0,0.0,0,None,0,0,0.4,0.457,CRITICAL,0.4,0.59,0.89,0.85,0.65,Component 11 (v1.0.0-MVP),Miklipārā,2.5
EVT-MEG-021,Meghalaya,East Jaintia Hills,25.072917,92.366528,0.5068,4,0.6903,0.6455,0.7589,119.0,84.0,35.0,210.9,24381.6,fahrboschung_energy_reach_limit,1,64.8,National Highway,NH6,0,0.0,0,None,0,0,0.4,0.453,CRITICAL,0.4,0.65,0.88,0.85,0.66,Component 11 (v1.0.0-MVP),Miklipārā,7.4
EVT-MEG-022,Meghalaya,East Jaintia Hills,25.12625,92.387639,0.5063,4,0.6902,0.6448,0.759,102.0,38.0,64.0,223.7,25444.9,local_pit_depression,1,66.2,National Highway,NH6,0,0.0,0,None,0,0,0.4,0.453,CRITICAL,0.4,0.72,0.88,0.85,0.68,Component 11 (v1.0.0-MVP),Khaddum,7.4
EVT-MEG-023,Meghalaya,East Jaintia Hills,25.150417,92.369028,0.5056,4,0.6866,0.6484,0.7625,286.0,206.0,80.0,329.2,34419.5,slope_flattening_deposition,1,69.8,National Highway,NH6,0,0.0,0,None,0,0,0.4,0.453,CRITICAL,0.4,0.79,0.87,0.85,0.7,Component 11 (v1.0.0-MVP),Khaddum,8.7
EVT-MIZ-016,Mizoram,Saiha,22.418472,92.947361,0.4308,3,0.6874,0.5023,0.7617,239.0,128.0,111.0,323.9,34323.2,local_pit_depression,1,69.4,National Highway,NH2,0,0.0,0,None,0,0,0.4,0.415,CRITICAL,0.4,0.85,0.87,0.85,0.72,Component 11 (v1.0.0-MVP),Kaochao 'E',2.1
EVT-MEG-006,Meghalaya,East Khasi Hills,25.179306,91.696806,0.5765,4,0.6867,0.786,0.7624,148.0,60.0,88.0,478.3,46544.1,slope_flattening_deposition,3,279.1,State Highway,None,0,0.0,0,None,0,0,0.25,0.413,HIGH,0.4,0.87,0.85,0.85,0.72,Component 11 (v1.0.0-MVP),Mawlong,3.7
EVT-MEG-008,Meghalaya,West Jaintia Hills,25.206806,92.020694,0.5549,4,0.6822,0.7513,0.7667,143.0,16.0,127.0,532.6,51682.3,local_pit_depression,8,423.8,Local / Rural Road,None,1,85.0,1,Unnamed Settlement,5,0,0.27,0.412,HIGH,0.4,0.95,0.85,1.0,0.77,Component 11 (v1.0.0-MVP),Unnamed Settlement,0.1
EVT-MIZ-020,Mizoram,Lunglei,22.580417,92.870417,0.4041,3,0.6626,0.4799,0.784,1000.0,677.0,323.0,763.8,70823.2,local_pit_depression,1,61.3,National Highway,NH2,0,0.0,0,None,0,0,0.4,0.402,CRITICAL,0.4,1.0,0.82,0.85,0.75,Component 11 (v1.0.0-MVP),Unnamed Settlement,2.6
EVT-MIZ-022,Mizoram,Kolasib,24.02625,92.669306,0.4034,3,0.5227,0.6956,0.9987,907.0,515.0,392.0,1373.2,122752.3,local_pit_depression,1,105.9,National Highway,NH6,0,0.0,0,None,0,0,0.4,0.402,CRITICAL,0.4,1.0,0.76,0.85,0.74,Component 11 (v1.0.0-MVP),Mualvum,0.7
EVT-MIZ-023,Mizoram,Kolasib,24.082083,92.681528,0.4026,3,0.5212,0.6966,0.9989,975.0,420.0,555.0,2327.7,203369.5,slope_flattening_deposition,1,70.7,National Highway,NH6,0,0.0,0,None,0,0,0.4,0.401,CRITICAL,0.4,1.0,0.67,0.85,0.72,Component 11 (v1.0.0-MVP),Bualpui,1.2
EVT-MEG-009,Meghalaya,South West Khasi Hills,25.305139,91.520694,0.5504,4,0.6654,0.7697,0.7817,1403.0,1358.0,45.0,161.9,20507.3,slope_flattening_deposition,1,67.7,Local / Rural Road,None,0,0.0,1,Phlangkynshi,0,0,0.18,0.365,MODERATE,0.4,0.65,0.88,0.85,0.66,Component 11 (v1.0.0-MVP),Phlangkynshi,0.2
EVT-MEG-001,Meghalaya,East Khasi Hills,25.187083,91.621806,0.5846,4,0.6869,0.8015,0.7622,101.0,28.0,73.0,267.4,29264.6,slope_flattening_deposition,2,208.4,Local / Rural Road,None,0,0.0,0,None,0,0,0.08,0.332,MODERATE,0.4,0.75,0.87,0.85,0.69,Component 11 (v1.0.0-MVP),Shella,1.9
EVT-MEG-004,Meghalaya,East Khasi Hills,25.186528,91.644028,0.5788,4,0.6801,0.8014,0.7686,135.0,93.0,42.0,198.1,23336.6,local_pit_depression,1,240.1,Local / Rural Road,None,0,0.0,0,None,0,0,0.08,0.329,MODERATE,0.4,0.66,0.88,0.85,0.66,Component 11 (v1.0.0-MVP),Shella,1.1
EVT-MEG-002,Meghalaya,East Khasi Hills,25.182361,91.578472,0.5842,4,0.692,0.7923,0.7572,125.0,82.0,43.0,174.7,21438.5,local_pit_depression,0,0.0,None,None,0,0.0,0,None,0,0,0.0,0.292,MODERATE,0.4,0.66,0.88,0.65,0.62,Component 11 (v1.0.0-MVP),Nonglait,3.8
EVT-MEG-003,Meghalaya,East Khasi Hills,25.223472,91.628472,0.5837,4,0.6846,0.8034,0.7644,81.0,53.0,28.0,87.4,14397.0,local_pit_depression,0,0.0,None,None,0,0.0,0,None,0,0,0.0,0.292,MODERATE,0.4,0.59,0.89,0.65,0.6,Component 11 (v1.0.0-MVP),Dewsaw,1.6
EVT-MEG-005,Meghalaya,East Khasi Hills,25.178472,91.680694,0.5767,4,0.6844,0.7901,0.7646,68.0,35.0,33.0,136.4,18395.7,local_pit_depression,0,0.0,None,None,0,0.0,0,None,0,0,0.0,0.288,MODERATE,0.4,0.62,0.89,0.65,0.61,Component 11 (v1.0.0-MVP),Mawlong,4.1
EVT-MEG-007,Meghalaya,West Jaintia Hills,25.289583,91.998472,0.5549,4,0.6783,0.7575,0.7703,186.0,145.0,41.0,118.3,16899.0,local_pit_depression,0,0.0,None,None,0,0.0,0,None,0,0,0.0,0.277,LOW,0.4,0.63,0.89,0.65,0.62,Component 11 (v1.0.0-MVP),Nongkwai,3.6
EVT-MEG-010,Meghalaya,South West Khasi Hills,25.330694,91.547639,0.5487,4,0.6502,0.7917,0.7938,706.0,700.0,6.0,30.9,10405.8,local_pit_depression,0,0.0,None,None,0,0.0,0,None,0,0,0.0,0.274,LOW,0.4,0.52,0.9,0.65,0.59,Component 11 (v1.0.0-MVP),Kenmynsaw,2.6
EVT-MEG-011,Meghalaya,West Jaintia Hills,25.302083,92.013194,0.5481,4,0.6746,0.7499,0.7736,188.0,167.0,21.0,61.8,12496.2,local_pit_depression,0,0.0,None,None,0,0.0,0,None,0,0,0.0,0.274,LOW,0.4,0.57,0.89,0.65,0.6,Component 11 (v1.0.0-MVP),Nongryngkoh,2.3
EVT-MEG-013,Meghalaya,South West Khasi Hills,25.319028,91.551528,0.5407,4,0.6439,0.7864,0.7985,643.0,626.0,17.0,92.7,14943.7,slope_flattening_deposition,0,0.0,None,None,0,0.0,0,None,0,0,0.0,0.27,LOW,0.4,0.57,0.89,0.65,0.6,Component 11 (v1.0.0-MVP),Kenbah,1.3
EVT-MEG-014,Meghalaya,South West Khasi Hills,25.339583,91.535417,0.5379,4,0.6422,0.7835,0.7997,892.0,845.0,47.0,136.4,18369.9,local_pit_depression,0,0.0,None,None,0,0.0,0,None,0,0,0.0,0.269,LOW,0.4,0.65,0.89,0.65,0.62,Component 11 (v1.0.0-MVP),Kenbah,4.2
EVT-MEG-015,Meghalaya,South West Khasi Hills,25.356528,91.530417,0.5378,4,0.6559,0.76,0.7894,1061.0,1045.0,16.0,30.9,10398.4,local_pit_depression,0,0.0,None,None,0,0.0,0,None,0,0,0.0,0.269,LOW,0.4,0.54,0.9,0.65,0.59,Component 11 (v1.0.0-MVP),Mawsdei Village,5.5
EVT-MEG-016,Meghalaya,West Jaintia Hills,25.312361,92.025972,0.5368,4,0.6637,0.745,0.783,204.0,189.0,15.0,61.8,12492.8,local_pit_depression,0,0.0,None,None,0,0.0,0,None,0,0,0.0,0.268,LOW,0.4,0.55,0.89,0.65,0.59,Component 11 (v1.0.0-MVP),Nongryngkoh,1.9
EVT-MEG-017,Meghalaya,West Jaintia Hills,25.314028,92.056806,0.5317,4,0.6628,0.7363,0.7838,287.0,279.0,8.0,30.9,10407.3,local_pit_depression,0,0.0,None,None,0,0.0,0,None,0,0,0.0,0.266,LOW,0.4,0.53,0.9,0.65,0.59,Component 11 (v1.0.0-MVP),Syntung,4.3
EVT-MEG-018,Meghalaya,South West Khasi Hills,25.244583,91.369583,0.5197,4,0.6858,0.6771,0.7632,63.0,45.0,18.0,136.4,18522.3,slope_flattening_deposition,0,0.0,None,None,0,0.0,0,None,0,0,0.0,0.26,LOW,0.4,0.59,0.89,0.65,0.6,Component 11 (v1.0.0-MVP),Unnamed Settlement,0.8
EVT-MEG-020,Meghalaya,East Jaintia Hills,25.032361,92.456528,0.5111,4,0.6939,0.6487,0.7553,111.0,55.0,56.0,192.8,23043.1,local_pit_depression,0,0.0,None,None,0,0.0,0,None,0,0,0.0,0.256,LOW,0.4,0.69,0.88,0.65,0.63,Component 11 (v1.0.0-MVP),Miklipārā,3.6
EVT-MEG-024,Meghalaya,East Jaintia Hills,25.042083,92.44125,0.5052,4,0.6819,0.6545,0.767,281.0,228.0,53.0,267.4,28671.6,local_pit_depression,0,0.0,None,None,0,0.0,0,None,0,0,0.0,0.253,LOW,0.4,0.71,0.87,0.65,0.64,Component 11 (v1.0.0-MVP),Miklipārā,1.6
EVT-MIZ-001,Mizoram,Mamit,23.652083,92.076806,0.4539,3,0.6707,0.569,0.7771,239.0,218.0,21.0,92.7,15143.0,local_pit_depression,0,0.0,None,None,0,0.0,0,None,0,0,0.0,0.227,LOW,0.4,0.58,0.89,0.65,0.6,Component 11 (v1.0.0-MVP),Unnamed Settlement,28.6
EVT-MIZ-002,Mizoram,Mamit,23.689583,92.052917,0.4502,3,0.6654,0.5689,0.7817,166.0,130.0,36.0,167.2,20619.5,slope_flattening_deposition,0,0.0,None,None,0,0.0,0,None,0,0,0.0,0.225,LOW,0.4,0.64,0.88,0.65,0.62,Component 11 (v1.0.0-MVP),Unnamed Settlement,30.6
EVT-MIZ-003,Mizoram,Mamit,23.666806,92.005694,0.4483,3,0.6581,0.5749,0.7876,293.0,257.0,36.0,136.4,18457.0,local_pit_depression,0,0.0,None,None,0,0.0,0,None,0,0,0.0,0.224,LOW,0.4,0.63,0.89,0.65,0.62,Component 11 (v1.0.0-MVP),Unnamed Settlement,36.0
EVT-MIZ-004,Mizoram,Mamit,23.677361,92.089306,0.4479,3,0.6569,0.5759,0.7886,258.0,189.0,69.0,316.4,33544.7,local_pit_depression,0,0.0,None,None,0,0.0,0,None,0,0,0.0,0.224,LOW,0.4,0.76,0.87,0.65,0.65,Component 11 (v1.0.0-MVP),Unnamed Settlement,26.7
EVT-MIZ-005,Mizoram,Mamit,24.354583,92.080694,0.4477,3,0.6496,0.5856,0.7943,136.0,110.0,26.0,149.2,19584.9,slope_flattening_deposition,0,0.0,None,None,0,0.0,0,None,0,0,0.0,0.224,LOW,0.4,0.61,0.89,0.65,0.61,Component 11 (v1.0.0-MVP),Kanhmun,27.2
EVT-MIZ-006,Mizoram,Mamit,23.677917,92.037917,0.4477,3,0.6617,0.5688,0.7847,202.0,126.0,76.0,267.4,29513.3,slope_flattening_deposition,0,0.0,None,None,0,0.0,0,None,0,0,0.0,0.224,LOW,0.4,0.76,0.87,0.65,0.65,Component 11 (v1.0.0-MVP),Unnamed Settlement,32.3
EVT-MIZ-007,Mizoram,Lawngtlai,21.514028,92.505694,0.4459,3,0.6731,0.5499,0.775,311.0,217.0,94.0,236.5,27332.6,slope_flattening_deposition,0,0.0,None,None,0,0.0,0,None,0,0,0.0,0.223,LOW,0.4,0.78,0.88,0.65,0.66,Component 11 (v1.0.0-MVP),Reng Tlang,53.0
EVT-MIZ-008,Mizoram,Saiha,22.047639,93.054028,0.4448,3,0.6707,0.5508,0.777,283.0,267.0,16.0,61.8,12818.7,slope_flattening_deposition,0,0.0,None,None,0,0.0,0,None,0,0,0.0,0.222,LOW,0.4,0.56,0.89,0.65,0.6,Component 11 (v1.0.0-MVP),Laki,12.4
EVT-MIZ-009,Mizoram,Lawngtlai,22.054028,92.776528,0.44,3,0.6826,0.5261,0.7663,118.0,107.0,11.0,61.8,12808.4,local_pit_depression,0,0.0,None,None,0,0.0,0,None,0,0,0.0,0.22,LOW,0.4,0.55,0.89,0.65,0.59,Component 11 (v1.0.0-MVP),Sabualtlang,8.0
EVT-MIZ-010,Mizoram,Lawngtlai,21.570417,92.523472,0.4398,3,0.6691,0.5431,0.7785,706.0,202.0,504.0,1764.2,158150.0,slope_flattening_deposition,0,0.0,None,None,0,0.0,0,None,0,0,0.0,0.22,LOW,0.4,1.0,0.72,0.65,0.69,Component 11 (v1.0.0-MVP),Reng Tlang,46.5
EVT-MIZ-011,Mizoram,Lawngtlai,21.57875,92.549583,0.4394,3,0.6756,0.5339,0.7728,89.0,76.0,13.0,43.7,11455.5,local_pit_depression,0,0.0,None,None,0,0.0,0,None,0,0,0.0,0.22,LOW,0.4,0.54,0.9,0.65,0.59,Component 11 (v1.0.0-MVP),Reng Tlang,45.1
EVT-MIZ-012,Mizoram,Saiha,22.040139,93.04375,0.4382,3,0.6648,0.5455,0.7821,346.0,269.0,77.0,210.9,25514.3,local_pit_depression,0,0.0,None,None,0,0.0,0,None,0,0,0.0,0.219,LOW,0.4,0.74,0.88,0.65,0.65,Component 11 (v1.0.0-MVP),Laki,12.8
EVT-MIZ-013,Mizoram,Lawngtlai,21.500694,92.451528,0.4369,3,0.6431,0.5725,0.7991,136.0,114.0,22.0,167.2,21618.2,local_pit_depression,0,0.0,None,None,0,0.0,0,None,0,0,0.0,0.218,LOW,0.4,0.61,0.88,0.65,0.61,Component 11 (v1.0.0-MVP),Reng Tlang,56.0
EVT-MIZ-014,Mizoram,Lawngtlai,21.592083,92.477361,0.4368,3,0.6751,0.5294,0.7732,241.0,207.0,34.0,105.5,16588.0,slope_flattening_deposition,0,0.0,None,None,0,0.0,0,None,0,0,0.0,0.218,LOW,0.4,0.61,0.89,0.65,0.61,Component 11 (v1.0.0-MVP),Reng Tlang,45.4
EVT-MIZ-015,Mizoram,Saiha,22.35625,92.87625,0.4322,3,0.6933,0.4979,0.7559,99.0,78.0,21.0,123.6,17859.6,local_pit_depression,0,0.0,None,None,0,0.0,0,None,0,0,0.0,0.216,LOW,0.4,0.59,0.89,0.65,0.6,Component 11 (v1.0.0-MVP),Lohry (Laty),3.6
EVT-MIZ-017,Mizoram,Saiha,22.394306,92.96375,0.4293,3,0.6848,0.5025,0.7642,144.0,130.0,14.0,74.6,13589.5,slope_flattening_deposition,0,0.0,None,None,0,0.0,0,None,0,0,0.0,0.215,LOW,0.4,0.56,0.89,0.65,0.6,Component 11 (v1.0.0-MVP),Kaochao 'E',1.2
EVT-MIZ-019,Mizoram,Kolasib,24.109028,92.691806,0.4041,3,0.5239,0.6951,0.9986,890.0,518.0,372.0,1514.9,135091.6,local_pit_depression,0,0.0,None,None,0,0.0,0,None,0,0,0.0,0.202,LOW,0.4,1.0,0.75,0.65,0.7,Component 11 (v1.0.0-MVP),Bualpui,4.3
EVT-MIZ-021,Mizoram,Kolasib,24.027917,92.770417,0.4035,3,0.528,0.6855,0.9981,884.0,592.0,292.0,812.8,75145.0,slope_flattening_deposition,0,0.0,None,None,0,0.0,0,None,0,0,0.0,0.202,LOW,0.4,1.0,0.82,0.65,0.71,Component 11 (v1.0.0-MVP),Twakzawl,8.3
EVT-MIZ-024,Mizoram,Lunglei,22.612361,92.002361,0.4013,3,0.6561,0.4821,0.7892,64.0,51.0,13.0,74.6,13562.8,slope_flattening_deposition,0,0.0,None,None,0,0.0,0,None,0,0,0.0,0.201,LOW,0.4,0.56,0.89,0.65,0.6,Component 11 (v1.0.0-MVP),Borapansury,58.8
