layer_id,category,layer_type,data_leakage_safeguard,file_path,format,crs,resolution_meters,native_resolution,resampling_method,width,height,nodata_value,dtype,size_mb,temporal_range,description,source_authority
terrain_elevation_30m,terrain,predictor,Environmental Predictor (Static),NER_SAFE_DATA/TERRAIN/derivatives/elevation/elevation.tif,GeoTIFF,EPSG:4326,30.89,30m SRTM,Native SRTM 1-arcsec,18001,21601,-9999.0,float32,162.19,Static Baseline / Historical,Authoritative SRTM Digital Elevation Model (m) across Phase 1 AOI,USGS / NASA SRTM
terrain_slope_30m,terrain,predictor,Environmental Predictor (Static),NER_SAFE_DATA/TERRAIN/derivatives/slope/slope_degrees.tif,GeoTIFF,EPSG:4326,30.89,30m SRTM,Component 7 Derivative,18001,21601,-9999.0,float32,681.03,Static Baseline / Historical,Authoritative topographic slope in degrees across Phase 1 AOI,Component 7 Terrain Engine
terrain_aspect_30m,terrain,predictor,Environmental Predictor (Static),NER_SAFE_DATA/TERRAIN/derivatives/aspect/aspect_degrees.tif,GeoTIFF,EPSG:4326,30.89,30m SRTM,Component 7 Derivative,18001,21601,-9999.0,float32,673.99,Static Baseline / Historical,Authoritative topographic aspect in degrees across Phase 1 AOI,Component 7 Terrain Engine
terrain_profile_curvature_30m,terrain,predictor,Environmental Predictor (Static),NER_SAFE_DATA/TERRAIN/derivatives/profile_curvature/profile_curvature.tif,GeoTIFF,EPSG:4326,30.89,30m SRTM,Component 7 Derivative,18001,21601,-9999.0,float32,712.83,Static Baseline / Historical,Authoritative profile curvature (m^-1) across Phase 1 AOI,Component 7 Terrain Engine
terrain_twi_30m,terrain,predictor,Environmental Predictor (Static),NER_SAFE_DATA/TERRAIN/derivatives/twi/twi.tif,GeoTIFF,EPSG:4326,30.89,30m SRTM,Component 7 Derivative,18001,21601,-9999.0,float32,673.74,Static Baseline / Historical,Authoritative Topographic Wetness Index (TWI) across Phase 1 AOI,Component 7 Terrain Engine
sentinel2_ndvi_30m,satellite,predictor,Environmental Predictor (Dynamic Baseline),NER_SAFE_DATA/MASTER_GRID/aligned_features/satellite/sentinel2_ndvi_30m.tif,GeoTIFF,EPSG:4326,30.89,10.0 meters,Bilinear continuous,18001,21601,-9999.0,float32,277.72,2024-11-01 to 2025-04-30,Spatially aligned 30m regional mosaic of Normalized Difference Vegetation Index,ESA Copernicus Sentinel-2 MSI
sentinel2_ndwi_30m,satellite,predictor,Environmental Predictor (Dynamic Baseline),NER_SAFE_DATA/MASTER_GRID/aligned_features/satellite/sentinel2_ndwi_30m.tif,GeoTIFF,EPSG:4326,30.89,10.0 meters,Bilinear continuous,18001,21601,-9999.0,float32,274.59,2024-11-01 to 2025-04-30,Spatially aligned 30m regional mosaic of Normalized Difference Water Index,ESA Copernicus Sentinel-2 MSI
sentinel2_ndmi_30m,satellite,predictor,Environmental Predictor (Dynamic Baseline),NER_SAFE_DATA/MASTER_GRID/aligned_features/satellite/sentinel2_ndmi_30m.tif,GeoTIFF,EPSG:4326,30.89,10.0 meters,Bilinear continuous,18001,21601,-9999.0,float32,288.94,2024-11-01 to 2025-04-30,Spatially aligned 30m regional mosaic of Normalized Difference Moisture Index,ESA Copernicus Sentinel-2 MSI
sentinel2_scl_30m,satellite,predictor,Environmental Predictor (Discrete Categorical Mask),NER_SAFE_DATA/MASTER_GRID/aligned_features/satellite/sentinel2_scl_30m.tif,GeoTIFF,EPSG:4326,30.89,20.0 meters,STRICTLY Nearest-Neighbor,18001,21601,0.0,uint8,6.66,2024-11-01 to 2025-04-30,Spatially aligned 30m Scene Classification Layer (categorical land cover classes preserved),ESA Copernicus Sentinel-2 MSI
gpm_rainfall_r1d_max_mm_30m,hydrology,predictor,Dynamic Hydrological Trigger Predictor,NER_SAFE_DATA/MASTER_GRID/aligned_features/hydrology/gpm_rainfall_r1d_max_mm_30m.tif,GeoTIFF,EPSG:4326,30.89,0.1 degree (~10 km),Bilinear continuous,18001,21601,-9999.0,float32,34.42,2024-11-01 to 2025-04-30,Peak 1-day daily precipitation rate (mm/day) across 6-month observation period,NASA GPM IMERG Final Daily (3B-DAY)
gpm_rainfall_r1d_mean_mm_30m,hydrology,predictor,Dynamic Hydrological Trigger Predictor,NER_SAFE_DATA/MASTER_GRID/aligned_features/hydrology/gpm_rainfall_r1d_mean_mm_30m.tif,GeoTIFF,EPSG:4326,30.89,0.1 degree (~10 km),Bilinear continuous,18001,21601,-9999.0,float32,30.85,2024-11-01 to 2025-04-30,Mean 1-day daily precipitation rate (mm/day) across 6-month observation period,NASA GPM IMERG Final Daily (3B-DAY)
gpm_rainfall_r3d_max_mm_30m,hydrology,predictor,Dynamic Hydrological Trigger Predictor,NER_SAFE_DATA/MASTER_GRID/aligned_features/hydrology/gpm_rainfall_r3d_max_mm_30m.tif,GeoTIFF,EPSG:4326,30.89,0.1 degree (~10 km),Bilinear continuous,18001,21601,-9999.0,float32,33.42,2024-11-01 to 2025-04-30,Maximum 3-day cumulative rainfall (mm) representing short-term burst saturation,NASA GPM IMERG Final Daily (3B-DAY)
gpm_rainfall_r3d_mean_mm_30m,hydrology,predictor,Dynamic Hydrological Trigger Predictor,NER_SAFE_DATA/MASTER_GRID/aligned_features/hydrology/gpm_rainfall_r3d_mean_mm_30m.tif,GeoTIFF,EPSG:4326,30.89,0.1 degree (~10 km),Bilinear continuous,18001,21601,-9999.0,float32,31.18,2024-11-01 to 2025-04-30,Mean 3-day cumulative rainfall (mm) across 6-month observation period,NASA GPM IMERG Final Daily (3B-DAY)
gpm_rainfall_r7d_max_mm_30m,hydrology,predictor,Dynamic Hydrological Trigger Predictor,NER_SAFE_DATA/MASTER_GRID/aligned_features/hydrology/gpm_rainfall_r7d_max_mm_30m.tif,GeoTIFF,EPSG:4326,30.89,0.1 degree (~10 km),Bilinear continuous,18001,21601,-9999.0,float32,33.12,2024-11-01 to 2025-04-30,Maximum 7-day cumulative rainfall (mm) representing medium-term slope saturation,NASA GPM IMERG Final Daily (3B-DAY)
gpm_rainfall_r7d_mean_mm_30m,hydrology,predictor,Dynamic Hydrological Trigger Predictor,NER_SAFE_DATA/MASTER_GRID/aligned_features/hydrology/gpm_rainfall_r7d_mean_mm_30m.tif,GeoTIFF,EPSG:4326,30.89,0.1 degree (~10 km),Bilinear continuous,18001,21601,-9999.0,float32,31.75,2024-11-01 to 2025-04-30,Mean 7-day cumulative rainfall (mm) across 6-month observation period,NASA GPM IMERG Final Daily (3B-DAY)
gpm_rainfall_r14d_max_mm_30m,hydrology,predictor,Dynamic Hydrological Trigger Predictor,NER_SAFE_DATA/MASTER_GRID/aligned_features/hydrology/gpm_rainfall_r14d_max_mm_30m.tif,GeoTIFF,EPSG:4326,30.89,0.1 degree (~10 km),Bilinear continuous,18001,21601,-9999.0,float32,32.1,2024-11-01 to 2025-04-30,Maximum 14-day cumulative rainfall (mm) representing deep aquifer saturation,NASA GPM IMERG Final Daily (3B-DAY)
gpm_rainfall_r14d_mean_mm_30m,hydrology,predictor,Dynamic Hydrological Trigger Predictor,NER_SAFE_DATA/MASTER_GRID/aligned_features/hydrology/gpm_rainfall_r14d_mean_mm_30m.tif,GeoTIFF,EPSG:4326,30.89,0.1 degree (~10 km),Bilinear continuous,18001,21601,-9999.0,float32,31.85,2024-11-01 to 2025-04-30,Mean 14-day cumulative rainfall (mm) across 6-month observation period,NASA GPM IMERG Final Daily (3B-DAY)
gpm_rainfall_ari_max_mm_30m,hydrology,predictor,Dynamic Hydrological Trigger Predictor,NER_SAFE_DATA/MASTER_GRID/aligned_features/hydrology/gpm_rainfall_ari_max_mm_30m.tif,GeoTIFF,EPSG:4326,30.89,0.1 degree (~10 km),Bilinear continuous,18001,21601,-9999.0,float32,32.91,2024-11-01 to 2025-04-30,"Maximum Antecedent Rainfall Index (alpha=0.85, 14-day memory)",NASA GPM IMERG Final Daily (3B-DAY)
gpm_rainfall_ari_mean_mm_30m,hydrology,predictor,Dynamic Hydrological Trigger Predictor,NER_SAFE_DATA/MASTER_GRID/aligned_features/hydrology/gpm_rainfall_ari_mean_mm_30m.tif,GeoTIFF,EPSG:4326,30.89,0.1 degree (~10 km),Bilinear continuous,18001,21601,-9999.0,float32,31.4,2024-11-01 to 2025-04-30,Mean Antecedent Rainfall Index across 6-month observation period,NASA GPM IMERG Final Daily (3B-DAY)
smap_soil_moisture_mean_30m,hydrology,predictor,Dynamic Soil Moisture Predictor / Quality Flag,NER_SAFE_DATA/MASTER_GRID/aligned_features/hydrology/smap_soil_moisture_mean_30m.tif,GeoTIFF,EPSG:4326,30.89,9008.055 m (~9 km EASE2),Bilinear continuous,18001,21601,-9999.0,float32,41.27,2024-11-01 to 2025-04-30,Spatially aligned mean volumetric soil moisture (cm3/cm3),NASA SMAP L3 Enhanced Radiometer (L3_SM_P_E)
smap_soil_moisture_max_30m,hydrology,predictor,Dynamic Soil Moisture Predictor / Quality Flag,NER_SAFE_DATA/MASTER_GRID/aligned_features/hydrology/smap_soil_moisture_max_30m.tif,GeoTIFF,EPSG:4326,30.89,9008.055 m (~9 km EASE2),Bilinear continuous,18001,21601,-9999.0,float32,38.85,2024-11-01 to 2025-04-30,Spatially aligned peak volumetric soil moisture (cm3/cm3),NASA SMAP L3 Enhanced Radiometer (L3_SM_P_E)
smap_soil_moisture_min_30m,hydrology,predictor,Dynamic Soil Moisture Predictor / Quality Flag,NER_SAFE_DATA/MASTER_GRID/aligned_features/hydrology/smap_soil_moisture_min_30m.tif,GeoTIFF,EPSG:4326,30.89,9008.055 m (~9 km EASE2),Bilinear continuous,18001,21601,-9999.0,float32,31.03,2024-11-01 to 2025-04-30,Spatially aligned minimum volumetric soil moisture (cm3/cm3),NASA SMAP L3 Enhanced Radiometer (L3_SM_P_E)
smap_soil_moisture_std_30m,hydrology,predictor,Dynamic Soil Moisture Predictor / Quality Flag,NER_SAFE_DATA/MASTER_GRID/aligned_features/hydrology/smap_soil_moisture_std_30m.tif,GeoTIFF,EPSG:4326,30.89,9008.055 m (~9 km EASE2),Bilinear continuous,18001,21601,-9999.0,float32,42.93,2024-11-01 to 2025-04-30,Spatially aligned volumetric soil moisture standard deviation (cm3/cm3),NASA SMAP L3 Enhanced Radiometer (L3_SM_P_E)
smap_valid_observations_count_30m,hydrology,predictor,Dynamic Soil Moisture Predictor / Quality Flag,NER_SAFE_DATA/MASTER_GRID/aligned_features/hydrology/smap_valid_observations_count_30m.tif,GeoTIFF,EPSG:4326,30.89,9008.055 m (~9 km EASE2),Nearest-Neighbor discrete,18001,21601,-9999.0,float32,4.08,2024-11-01 to 2025-04-30,Spatially aligned count of valid daily satellite observations (0-180),NASA SMAP L3 Enhanced Radiometer (L3_SM_P_E)
smap_outage_flag_30m,hydrology,predictor,Dynamic Soil Moisture Predictor / Quality Flag,NER_SAFE_DATA/MASTER_GRID/aligned_features/hydrology/smap_outage_flag_30m.tif,GeoTIFF,EPSG:4326,30.89,9008.055 m (~9 km EASE2),Nearest-Neighbor discrete,18001,21601,-9999.0,float32,3.01,2024-11-01 to 2025-04-30,Spatially aligned NASA satellite outage flag (1=2025-03-18 payload safe hold unobserved),NASA SMAP L3 Enhanced Radiometer (L3_SM_P_E)
landslide_inventory_ground_truth_csv,inventory,target_label,GROUND TRUTH ONLY (Target Label - Zero Leakage),NER_SAFE_DATA/MASTER_GRID/inventory/NER_SAFE_standardized_landslide_inventory.csv,CSV,EPSG:4326,Vector Geometry,Vector Point/Line/Polygon,Exact Vector Representation,N/A,N/A,N/A,CSV,0.076,2007 to 2023,"Standardized Ground-Truth Historical Landslide Inventory (260 events, NASA GLC, GSI NLSM, ISRO Bhuvan)",NASA / GSI / ISRO
landslide_inventory_ground_truth_geojson,inventory,target_label,GROUND TRUTH ONLY (Target Label - Zero Leakage),NER_SAFE_DATA/MASTER_GRID/inventory/NER_SAFE_standardized_landslide_inventory.geojson,GeoJSON,EPSG:4326,Vector Geometry,Vector Point/Line/Polygon,Exact Vector Representation,N/A,N/A,N/A,GeoJSON,0.211,2007 to 2023,Standardized Ground-Truth Historical Landslide Vector Points (260 events),NASA / GSI / ISRO
landslide_target_presence_30m,inventory,target_label,GROUND TRUTH ONLY (Target Label - Zero Leakage),NER_SAFE_DATA/MASTER_GRID/aligned_features/inventory/landslide_presence_30m.tif,GeoTIFF,EPSG:4326,30.89,Vector Point,Nearest-Neighbor binary rasterization,18001,21601,255.0,uint8,0.42,Static Baseline / Historical,"Binary spatial occurrence raster (1 = documented landslide initiation/rupture point, 0 = non-occurrence)",NASA / GSI / ISRO
landslide_distance_meters_30m,inventory,derived_spatial_metric,Derived Spatial Metric Feature (Distance to Known Events),NER_SAFE_DATA/MASTER_GRID/aligned_features/inventory/landslide_distance_meters_30m.tif,GeoTIFF,EPSG:4326,30.89,Vector Point,Euclidean Distance Transform,18001,21601,-9999.0,float32,309.3,Static Baseline / Historical,Euclidean metric distance (meters) to nearest historical ground-truth landslide event,Derived from Inventory
exposure_roads_meghalaya,exposure,exposure_infrastructure,Exposure Asset (Component 10+ Downstream Impact),NER_SAFE_DATA/EXPOSURE/roads/Meghalaya_roads.geojson,GeoJSON,EPSG:4326,Vector Geometry,Vector Point/Line/Polygon,Exact Vector Representation,N/A,N/A,N/A,GeoJSON,25.185,Static Baseline,Road network polylines for Meghalaya (OSM),OpenStreetMap / geoBoundaries / Census India
exposure_roads_mizoram,exposure,exposure_infrastructure,Exposure Asset (Component 10+ Downstream Impact),NER_SAFE_DATA/EXPOSURE/roads/Mizoram_roads.geojson,GeoJSON,EPSG:4326,Vector Geometry,Vector Point/Line/Polygon,Exact Vector Representation,N/A,N/A,N/A,GeoJSON,30.109,Static Baseline,Road network polylines for Mizoram (OSM),OpenStreetMap / geoBoundaries / Census India
exposure_roads_phase1_combined,exposure,exposure_infrastructure,Exposure Asset (Component 10+ Downstream Impact),NER_SAFE_DATA/EXPOSURE/roads/NER_SAFE_Phase1_roads.geojson,GeoJSON,EPSG:4326,Vector Geometry,Vector Point/Line/Polygon,Exact Vector Representation,N/A,N/A,N/A,GeoJSON,55.294,Static Baseline,Complete Phase 1 road network polylines (Meghalaya & Mizoram),OpenStreetMap / geoBoundaries / Census India
exposure_settlements_meghalaya,exposure,exposure_infrastructure,Exposure Asset (Component 10+ Downstream Impact),NER_SAFE_DATA/EXPOSURE/settlements/Meghalaya_settlements.geojson,GeoJSON,EPSG:4326,Vector Geometry,Vector Point/Line/Polygon,Exact Vector Representation,N/A,N/A,N/A,GeoJSON,0.153,Static Baseline,Settlements and populated places points/polygons for Meghalaya,OpenStreetMap / geoBoundaries / Census India
exposure_settlements_mizoram,exposure,exposure_infrastructure,Exposure Asset (Component 10+ Downstream Impact),NER_SAFE_DATA/EXPOSURE/settlements/Mizoram_settlements.geojson,GeoJSON,EPSG:4326,Vector Geometry,Vector Point/Line/Polygon,Exact Vector Representation,N/A,N/A,N/A,GeoJSON,0.244,Static Baseline,Settlements and populated places points/polygons for Mizoram,OpenStreetMap / geoBoundaries / Census India
exposure_settlements_phase1_combined,exposure,exposure_infrastructure,Exposure Asset (Component 10+ Downstream Impact),NER_SAFE_DATA/EXPOSURE/settlements/NER_SAFE_Phase1_settlements.geojson,GeoJSON,EPSG:4326,Vector Geometry,Vector Point/Line/Polygon,Exact Vector Representation,N/A,N/A,N/A,GeoJSON,0.396,Static Baseline,Complete Phase 1 settlements layer (Meghalaya & Mizoram),OpenStreetMap / geoBoundaries / Census India
exposure_buildings_meghalaya,exposure,exposure_infrastructure,Exposure Asset (Component 10+ Downstream Impact),NER_SAFE_DATA/EXPOSURE/buildings/Meghalaya_buildings.geojson,GeoJSON,EPSG:4326,Vector Geometry,Vector Point/Line/Polygon,Exact Vector Representation,N/A,N/A,N/A,GeoJSON,5.776,Static Baseline,Building footprints for Meghalaya (OSM),OpenStreetMap / geoBoundaries / Census India
exposure_buildings_mizoram,exposure,exposure_infrastructure,Exposure Asset (Component 10+ Downstream Impact),NER_SAFE_DATA/EXPOSURE/buildings/Mizoram_buildings.geojson,GeoJSON,EPSG:4326,Vector Geometry,Vector Point/Line/Polygon,Exact Vector Representation,N/A,N/A,N/A,GeoJSON,99.708,Static Baseline,Building footprints for Mizoram (OSM),OpenStreetMap / geoBoundaries / Census India
exposure_buildings_phase1_combined,exposure,exposure_infrastructure,Exposure Asset (Component 10+ Downstream Impact),NER_SAFE_DATA/EXPOSURE/buildings/NER_SAFE_Phase1_buildings.geojson,GeoJSON,EPSG:4326,Vector Geometry,Vector Point/Line/Polygon,Exact Vector Representation,N/A,N/A,N/A,GeoJSON,105.484,Static Baseline,Complete Phase 1 building footprints layer,OpenStreetMap / geoBoundaries / Census India
exposure_admin_meghalaya_districts,exposure,exposure_infrastructure,Exposure Asset (Component 10+ Downstream Impact),NER_SAFE_DATA/EXPOSURE/administrative/Meghalaya_districts.geojson,GeoJSON,EPSG:4326,Vector Geometry,Vector Point/Line/Polygon,Exact Vector Representation,N/A,N/A,N/A,GeoJSON,1.7,Static Baseline,District administrative boundaries for Meghalaya (geoBoundaries),OpenStreetMap / geoBoundaries / Census India
exposure_admin_meghalaya_state,exposure,exposure_infrastructure,Exposure Asset (Component 10+ Downstream Impact),NER_SAFE_DATA/EXPOSURE/administrative/Meghalaya_state_boundary.geojson,GeoJSON,EPSG:4326,Vector Geometry,Vector Point/Line/Polygon,Exact Vector Representation,N/A,N/A,N/A,GeoJSON,1.176,Static Baseline,State boundary polygon for Meghalaya,OpenStreetMap / geoBoundaries / Census India
exposure_admin_mizoram_districts,exposure,exposure_infrastructure,Exposure Asset (Component 10+ Downstream Impact),NER_SAFE_DATA/EXPOSURE/administrative/Mizoram_districts.geojson,GeoJSON,EPSG:4326,Vector Geometry,Vector Point/Line/Polygon,Exact Vector Representation,N/A,N/A,N/A,GeoJSON,1.533,Static Baseline,District administrative boundaries for Mizoram (geoBoundaries),OpenStreetMap / geoBoundaries / Census India
exposure_admin_mizoram_state,exposure,exposure_infrastructure,Exposure Asset (Component 10+ Downstream Impact),NER_SAFE_DATA/EXPOSURE/administrative/Mizoram_state_boundary.geojson,GeoJSON,EPSG:4326,Vector Geometry,Vector Point/Line/Polygon,Exact Vector Representation,N/A,N/A,N/A,GeoJSON,1.468,Static Baseline,State boundary polygon for Mizoram,OpenStreetMap / geoBoundaries / Census India
exposure_admin_phase1_districts,exposure,exposure_infrastructure,Exposure Asset (Component 10+ Downstream Impact),NER_SAFE_DATA/EXPOSURE/administrative/NER_SAFE_Phase1_districts.geojson,GeoJSON,EPSG:4326,Vector Geometry,Vector Point/Line/Polygon,Exact Vector Representation,N/A,N/A,N/A,GeoJSON,3.234,Static Baseline,Complete Phase 1 district boundaries,OpenStreetMap / geoBoundaries / Census India
exposure_admin_phase1_states,exposure,exposure_infrastructure,Exposure Asset (Component 10+ Downstream Impact),NER_SAFE_DATA/EXPOSURE/administrative/NER_SAFE_Phase1_states.geojson,GeoJSON,EPSG:4326,Vector Geometry,Vector Point/Line/Polygon,Exact Vector Representation,N/A,N/A,N/A,GeoJSON,2.644,Static Baseline,Complete Phase 1 state boundaries,OpenStreetMap / geoBoundaries / Census India
exposure_transport_lifelines,exposure,exposure_infrastructure,Exposure Asset (Component 10+ Downstream Impact),NER_SAFE_DATA/EXPOSURE/transport/NER_SAFE_Phase1_transport.geojson,GeoJSON,EPSG:4326,Vector Geometry,Vector Point/Line/Polygon,Exact Vector Representation,N/A,N/A,N/A,GeoJSON,0.029,Static Baseline,"Transport lifelines, bus terminals, helipads, and stations",OpenStreetMap / geoBoundaries / Census India
exposure_population_demographics,exposure,exposure_infrastructure,Exposure Asset (Component 10+ Downstream Impact),NER_SAFE_DATA/EXPOSURE/population/NER_SAFE_Phase1_district_demographics.csv,CSV,EPSG:4326,Vector Geometry,Vector Point/Line/Polygon,Exact Vector Representation,N/A,N/A,N/A,CSV,0.004,Static Baseline,District-level population and census demographics summary,OpenStreetMap / geoBoundaries / Census India
native_rainfall_ari_max_mm_native01deg,hydrology_native,native_observation,Original Native Resolution Collection,NER_SAFE_DATA/MASTER_GRID/temporal/rainfall_native_01deg/rainfall_ari_max_mm_native01deg.tif,GeoTIFF,EPSG:4326,11132.0,0.1 degree (~10 km),Native IMERG NetCDF4 Grid,45,55,-9999.0,float32,0.01,Static Baseline / Historical,Original native 0.1-degree GPM IMERG rainfall raster: rainfall_ari_max_mm_native01deg,NASA GPM IMERG
native_rainfall_ari_mean_mm_native01deg,hydrology_native,native_observation,Original Native Resolution Collection,NER_SAFE_DATA/MASTER_GRID/temporal/rainfall_native_01deg/rainfall_ari_mean_mm_native01deg.tif,GeoTIFF,EPSG:4326,11132.0,0.1 degree (~10 km),Native IMERG NetCDF4 Grid,45,55,-9999.0,float32,0.01,Static Baseline / Historical,Original native 0.1-degree GPM IMERG rainfall raster: rainfall_ari_mean_mm_native01deg,NASA GPM IMERG
native_rainfall_r14d_max_mm_native01deg,hydrology_native,native_observation,Original Native Resolution Collection,NER_SAFE_DATA/MASTER_GRID/temporal/rainfall_native_01deg/rainfall_r14d_max_mm_native01deg.tif,GeoTIFF,EPSG:4326,11132.0,0.1 degree (~10 km),Native IMERG NetCDF4 Grid,45,55,-9999.0,float32,0.01,Static Baseline / Historical,Original native 0.1-degree GPM IMERG rainfall raster: rainfall_r14d_max_mm_native01deg,NASA GPM IMERG
native_rainfall_r14d_mean_mm_native01deg,hydrology_native,native_observation,Original Native Resolution Collection,NER_SAFE_DATA/MASTER_GRID/temporal/rainfall_native_01deg/rainfall_r14d_mean_mm_native01deg.tif,GeoTIFF,EPSG:4326,11132.0,0.1 degree (~10 km),Native IMERG NetCDF4 Grid,45,55,-9999.0,float32,0.01,Static Baseline / Historical,Original native 0.1-degree GPM IMERG rainfall raster: rainfall_r14d_mean_mm_native01deg,NASA GPM IMERG
native_rainfall_r1d_max_mm_native01deg,hydrology_native,native_observation,Original Native Resolution Collection,NER_SAFE_DATA/MASTER_GRID/temporal/rainfall_native_01deg/rainfall_r1d_max_mm_native01deg.tif,GeoTIFF,EPSG:4326,11132.0,0.1 degree (~10 km),Native IMERG NetCDF4 Grid,45,55,-9999.0,float32,0.01,Static Baseline / Historical,Original native 0.1-degree GPM IMERG rainfall raster: rainfall_r1d_max_mm_native01deg,NASA GPM IMERG
native_rainfall_r1d_mean_mm_native01deg,hydrology_native,native_observation,Original Native Resolution Collection,NER_SAFE_DATA/MASTER_GRID/temporal/rainfall_native_01deg/rainfall_r1d_mean_mm_native01deg.tif,GeoTIFF,EPSG:4326,11132.0,0.1 degree (~10 km),Native IMERG NetCDF4 Grid,45,55,-9999.0,float32,0.01,Static Baseline / Historical,Original native 0.1-degree GPM IMERG rainfall raster: rainfall_r1d_mean_mm_native01deg,NASA GPM IMERG
native_rainfall_r3d_max_mm_native01deg,hydrology_native,native_observation,Original Native Resolution Collection,NER_SAFE_DATA/MASTER_GRID/temporal/rainfall_native_01deg/rainfall_r3d_max_mm_native01deg.tif,GeoTIFF,EPSG:4326,11132.0,0.1 degree (~10 km),Native IMERG NetCDF4 Grid,45,55,-9999.0,float32,0.01,Static Baseline / Historical,Original native 0.1-degree GPM IMERG rainfall raster: rainfall_r3d_max_mm_native01deg,NASA GPM IMERG
native_rainfall_r3d_mean_mm_native01deg,hydrology_native,native_observation,Original Native Resolution Collection,NER_SAFE_DATA/MASTER_GRID/temporal/rainfall_native_01deg/rainfall_r3d_mean_mm_native01deg.tif,GeoTIFF,EPSG:4326,11132.0,0.1 degree (~10 km),Native IMERG NetCDF4 Grid,45,55,-9999.0,float32,0.01,Static Baseline / Historical,Original native 0.1-degree GPM IMERG rainfall raster: rainfall_r3d_mean_mm_native01deg,NASA GPM IMERG
native_rainfall_r7d_max_mm_native01deg,hydrology_native,native_observation,Original Native Resolution Collection,NER_SAFE_DATA/MASTER_GRID/temporal/rainfall_native_01deg/rainfall_r7d_max_mm_native01deg.tif,GeoTIFF,EPSG:4326,11132.0,0.1 degree (~10 km),Native IMERG NetCDF4 Grid,45,55,-9999.0,float32,0.01,Static Baseline / Historical,Original native 0.1-degree GPM IMERG rainfall raster: rainfall_r7d_max_mm_native01deg,NASA GPM IMERG
native_rainfall_r7d_mean_mm_native01deg,hydrology_native,native_observation,Original Native Resolution Collection,NER_SAFE_DATA/MASTER_GRID/temporal/rainfall_native_01deg/rainfall_r7d_mean_mm_native01deg.tif,GeoTIFF,EPSG:4326,11132.0,0.1 degree (~10 km),Native IMERG NetCDF4 Grid,45,55,-9999.0,float32,0.01,Static Baseline / Historical,Original native 0.1-degree GPM IMERG rainfall raster: rainfall_r7d_mean_mm_native01deg,NASA GPM IMERG
native_smap_outage_flag_native9km,hydrology_native,native_observation,Original Native Resolution Collection,NER_SAFE_DATA/MASTER_GRID/temporal/smap_native_9km/smap_outage_flag_native9km.tif,GeoTIFF,EPSG:6933,9008.055,9008.055 m (EASE-Grid 2.0),Native SMAP HDF5 Grid (EPSG:6933),54,79,-9999.0,float32,0.0,Static Baseline / Historical,Original native ~9km SMAP soil moisture raster: smap_outage_flag_native9km,NASA SMAP L3 Enhanced
native_smap_soil_moisture_max_native9km,hydrology_native,native_observation,Original Native Resolution Collection,NER_SAFE_DATA/MASTER_GRID/temporal/smap_native_9km/smap_soil_moisture_max_native9km.tif,GeoTIFF,EPSG:6933,9008.055,9008.055 m (EASE-Grid 2.0),Native SMAP HDF5 Grid (EPSG:6933),54,79,-9999.0,float32,0.01,Static Baseline / Historical,Original native ~9km SMAP soil moisture raster: smap_soil_moisture_max_native9km,NASA SMAP L3 Enhanced
native_smap_soil_moisture_mean_native9km,hydrology_native,native_observation,Original Native Resolution Collection,NER_SAFE_DATA/MASTER_GRID/temporal/smap_native_9km/smap_soil_moisture_mean_native9km.tif,GeoTIFF,EPSG:6933,9008.055,9008.055 m (EASE-Grid 2.0),Native SMAP HDF5 Grid (EPSG:6933),54,79,-9999.0,float32,0.01,Static Baseline / Historical,Original native ~9km SMAP soil moisture raster: smap_soil_moisture_mean_native9km,NASA SMAP L3 Enhanced
native_smap_soil_moisture_min_native9km,hydrology_native,native_observation,Original Native Resolution Collection,NER_SAFE_DATA/MASTER_GRID/temporal/smap_native_9km/smap_soil_moisture_min_native9km.tif,GeoTIFF,EPSG:6933,9008.055,9008.055 m (EASE-Grid 2.0),Native SMAP HDF5 Grid (EPSG:6933),54,79,-9999.0,float32,0.01,Static Baseline / Historical,Original native ~9km SMAP soil moisture raster: smap_soil_moisture_min_native9km,NASA SMAP L3 Enhanced
native_smap_soil_moisture_std_native9km,hydrology_native,native_observation,Original Native Resolution Collection,NER_SAFE_DATA/MASTER_GRID/temporal/smap_native_9km/smap_soil_moisture_std_native9km.tif,GeoTIFF,EPSG:6933,9008.055,9008.055 m (EASE-Grid 2.0),Native SMAP HDF5 Grid (EPSG:6933),54,79,-9999.0,float32,0.01,Static Baseline / Historical,Original native ~9km SMAP soil moisture raster: smap_soil_moisture_std_native9km,NASA SMAP L3 Enhanced
native_smap_valid_observations_count_native9km,hydrology_native,native_observation,Original Native Resolution Collection,NER_SAFE_DATA/MASTER_GRID/temporal/smap_native_9km/smap_valid_observations_count_native9km.tif,GeoTIFF,EPSG:6933,9008.055,9008.055 m (EASE-Grid 2.0),Native SMAP HDF5 Grid (EPSG:6933),54,79,-9999.0,float32,0.01,Static Baseline / Historical,Original native ~9km SMAP soil moisture raster: smap_valid_observations_count_native9km,NASA SMAP L3 Enhanced
